action_conflict_count,action_id,contradiction_pixels_informative_but_zero_weight,maximum_competitor_difference_digest,nearest_competitor_difference_digest,nearest_conflicting_action_difference_digest,per_pixel_differing_digest,per_pixel_sharing_digest,positive_action_conflict_separation_count,positive_separation_weight_count,row_id,row_informative_pixel_count,row_informative_stable_count,row_informative_stable_positive_separation_count,stable_pixel_count
109,FIRE,109,sha256:62b88edef8814febfbbdd79896c4b02048ce77dfae34a93c378c642d3e7330dd,sha256:0f9494b8b192b3afb4859cad8f513ce06e90e782e4b65f10f440a66e9dda55b8,sha256:0f9494b8b192b3afb4859cad8f513ce06e90e782e4b65f10f440a66e9dda55b8,sha256:e66ed0379a19c8cb1097af0ed467ee78c79f2606f078fff0a507008684978bfd,sha256:783c3dc3ec30b4b682d9a80bb207048ee95c61b072b4f0051966d37bf0fba2b7,0,0,tank=0|target=0|cooldown=0,109,100,0,432
109,STAY,109,sha256:62b88edef8814febfbbdd79896c4b02048ce77dfae34a93c378c642d3e7330dd,sha256:0f9494b8b192b3afb4859cad8f513ce06e90e782e4b65f10f440a66e9dda55b8,sha256:0f9494b8b192b3afb4859cad8f513ce06e90e782e4b65f10f440a66e9dda55b8,sha256:e66ed0379a19c8cb1097af0ed467ee78c79f2606f078fff0a507008684978bfd,sha256:783c3dc3ec30b4b682d9a80bb207048ee95c61b072b4f0051966d37bf0fba2b7,0,0,tank=0|target=0|cooldown=1,109,100,0,432
109,RIGHT,109,sha256:62b88edef8814febfbbdd79896c4b02048ce77dfae34a93c378c642d3e7330dd,sha256:0f9494b8b192b3afb4859cad8f513ce06e90e782e4b65f10f440a66e9dda55b8,sha256:0f9494b8b192b3afb4859cad8f513ce06e90e782e4b65f10f440a66e9dda55b8,sha256:171310b49305364b04aac537f55c60a9a7e97262ea24848d72466d7a0e5e99c1,sha256:f7d01eec3f42848634aa2603f106a93a678abb761edbe843e105fd99cd2e7483,0,0,tank=0|target=1|cooldown=0,109,100,0,432
109,RIGHT,109,sha256:62b88edef8814febfbbdd79896c4b02048ce77dfae34a93c378c642d3e7330dd,sha256:0f9494b8b192b3afb4859cad8f513ce06e90e782e4b65f10f440a66e9dda55b8,sha256:0f9494b8b192b3afb4859cad8f513ce06e90e782e4b65f10f440a66e9dda55b8,sha256:171310b49305364b04aac537f55c60a9a7e97262ea24848d72466d7a0e5e99c1,sha256:f7d01eec3f42848634aa2603f106a93a678abb761edbe843e105fd99cd2e7483,0,0,tank=0|target=1|cooldown=1,109,100,0,432
109,RIGHT,109,sha256:62b88edef8814febfbbdd79896c4b02048ce77dfae34a93c378c642d3e7330dd,sha256:0f9494b8b192b3afb4859cad8f513ce06e90e782e4b65f10f440a66e9dda55b8,sha256:0f9494b8b192b3afb4859cad8f513ce06e90e782e4b65f10f440a66e9dda55b8,sha256:e3dd5e49eb645f61933ea5a3b36326e3b89e13153553da46bff4c858b1555c5e,sha256:886f86821229de7c0680f779b83fb252c975c7987bf180e1b94ec1764eaa6abd,0,0,tank=0|target=2|cooldown=0,109,100,0,432
109,RIGHT,109,sha256:62b88edef8814febfbbdd79896c4b02048ce77dfae34a93c378c642d3e7330dd,sha256:0f9494b8b192b3afb4859cad8f513ce06e90e782e4b65f10f440a66e9dda55b8,sha256:0f9494b8b192b3afb4859cad8f513ce06e90e782e4b65f10f440a66e9dda55b8,sha256:e3dd5e49eb645f61933ea5a3b36326e3b89e13153553da46bff4c858b1555c5e,sha256:886f86821229de7c0680f779b83fb252c975c7987bf180e1b94ec1764eaa6abd,0,0,tank=0|target=2|cooldown=1,109,100,0,432
109,RIGHT,109,sha256:62b88edef8814febfbbdd79896c4b02048ce77dfae34a93c378c642d3e7330dd,sha256:0f9494b8b192b3afb4859cad8f513ce06e90e782e4b65f10f440a66e9dda55b8,sha256:0f9494b8b192b3afb4859cad8f513ce06e90e782e4b65f10f440a66e9dda55b8,sha256:b9863636941c97488ded86be57feb3a0e4d411ce8766686aad5d10f6a39edc68,sha256:5235b3d9069fda022964148ea0b53a2f0acaca367326e4cef19dd0095ac19ecc,0,0,tank=0|target=3|cooldown=0,109,100,0,432
109,RIGHT,109,sha256:62b88edef8814febfbbdd79896c4b02048ce77dfae34a93c378c642d3e7330dd,sha256:0f9494b8b192b3afb4859cad8f513ce06e90e782e4b65f10f440a66e9dda55b8,sha256:0f9494b8b192b3afb4859cad8f513ce06e90e782e4b65f10f440a66e9dda55b8,sha256:b9863636941c97488ded86be57feb3a0e4d411ce8766686aad5d10f6a39edc68,sha256:5235b3d9069fda022964148ea0b53a2f0acaca367326e4cef19dd0095ac19ecc,0,0,tank=0|target=3|cooldown=1,109,100,0,432
109,RIGHT,109,sha256:62b88edef8814febfbbdd79896c4b02048ce77dfae34a93c378c642d3e7330dd,sha256:0f9494b8b192b3afb4859cad8f513ce06e90e782e4b65f10f440a66e9dda55b8,sha256:0f9494b8b192b3afb4859cad8f513ce06e90e782e4b65f10f440a66e9dda55b8,sha256:cf1c2e701576941de3a51f18de16540391a4d02e740014458e945d7fd933edd3,sha256:c2ec1ad282b29f456aca15813e52ca70fa8039a75fd4d1304c5503e644b59f44,0,0,tank=0|target=4|cooldown=0,109,100,0,432
109,RIGHT,109,sha256:62b88edef8814febfbbdd79896c4b02048ce77dfae34a93c378c642d3e7330dd,sha256:0f9494b8b192b3afb4859cad8f513ce06e90e782e4b65f10f440a66e9dda55b8,sha256:0f9494b8b192b3afb4859cad8f513ce06e90e782e4b65f10f440a66e9dda55b8,sha256:cf1c2e701576941de3a51f18de16540391a4d02e740014458e945d7fd933edd3,sha256:c2ec1ad282b29f456aca15813e52ca70fa8039a75fd4d1304c5503e644b59f44,0,0,tank=0|target=4|cooldown=1,109,100,0,432
109,RIGHT,109,sha256:62b88edef8814febfbbdd79896c4b02048ce77dfae34a93c378c642d3e7330dd,sha256:0f9494b8b192b3afb4859cad8f513ce06e90e782e4b65f10f440a66e9dda55b8,sha256:0f9494b8b192b3afb4859cad8f513ce06e90e782e4b65f10f440a66e9dda55b8,sha256:2d8e372e8d8ea359ae2df40e615e5e517ddbbf5cc3ee3786a2141c6db26aafa0,sha256:e03dff62af4c1ff3f5ac962176caf2ec2004421c79e32573853b1f6efd07c060,0,0,tank=0|target=5|cooldown=0,109,100,0,432
109,RIGHT,109,sha256:62b88edef8814febfbbdd79896c4b02048ce77dfae34a93c378c642d3e7330dd,sha256:0f9494b8b192b3afb4859cad8f513ce06e90e782e4b65f10f440a66e9dda55b8,sha256:0f9494b8b192b3afb4859cad8f513ce06e90e782e4b65f10f440a66e9dda55b8,sha256:2d8e372e8d8ea359ae2df40e615e5e517ddbbf5cc3ee3786a2141c6db26aafa0,sha256:e03dff62af4c1ff3f5ac962176caf2ec2004421c79e32573853b1f6efd07c060,0,0,tank=0|target=5|cooldown=1,109,100,0,432
109,RIGHT,109,sha256:62b88edef8814febfbbdd79896c4b02048ce77dfae34a93c378c642d3e7330dd,sha256:0f9494b8b192b3afb4859cad8f513ce06e90e782e4b65f10f440a66e9dda55b8,sha256:0f9494b8b192b3afb4859cad8f513ce06e90e782e4b65f10f440a66e9dda55b8,sha256:cba022339a15209df767390c1938d99151d17a9e259879e1bd4543c607c3424d,sha256:0a3e24964e1be65d383e2e2dc0613a339c23ec3b9a8c593af8c9fdbb683df035,0,0,tank=0|target=6|cooldown=0,109,100,0,434
109,RIGHT,109,sha256:62b88edef8814febfbbdd79896c4b02048ce77dfae34a93c378c642d3e7330dd,sha256:0f9494b8b192b3afb4859cad8f513ce06e90e782e4b65f10f440a66e9dda55b8,sha256:0f9494b8b192b3afb4859cad8f513ce06e90e782e4b65f10f440a66e9dda55b8,sha256:cba022339a15209df767390c1938d99151d17a9e259879e1bd4543c607c3424d,sha256:0a3e24964e1be65d383e2e2dc0613a339c23ec3b9a8c593af8c9fdbb683df035,0,0,tank=0|target=6|cooldown=1,109,100,0,434
109,STAY,109,sha256:62b88edef8814febfbbdd79896c4b02048ce77dfae34a93c378c642d3e7330dd,sha256:0f9494b8b192b3afb4859cad8f513ce06e90e782e4b65f10f440a66e9dda55b8,sha256:0f9494b8b192b3afb4859cad8f513ce06e90e782e4b65f10f440a66e9dda55b8,sha256:bc19f659826cf21378fffabbe288b8fd5eca9ff311750ea05099ccaac06dd728,sha256:ae6e2a41f82a791211f619b05b84046555c4caef8fca354a23af2023d473e8c2,0,0,tank=0|target=none|cooldown=0,109,103,0,438
109,STAY,109,sha256:62b88edef8814febfbbdd79896c4b02048ce77dfae34a93c378c642d3e7330dd,sha256:0f9494b8b192b3afb4859cad8f513ce06e90e782e4b65f10f440a66e9dda55b8,sha256:0f9494b8b192b3afb4859cad8f513ce06e90e782e4b65f10f440a66e9dda55b8,sha256:bc19f659826cf21378fffabbe288b8fd5eca9ff311750ea05099ccaac06dd728,sha256:ae6e2a41f82a791211f619b05b84046555c4caef8fca354a23af2023d473e8c2,0,0,tank=0|target=none|cooldown=1,109,103,0,438
109,LEFT,109,sha256:62b88edef8814febfbbdd79896c4b02048ce77dfae34a93c378c642d3e7330dd,sha256:0f9494b8b192b3afb4859cad8f513ce06e90e782e4b65f10f440a66e9dda55b8,sha256:0f9494b8b192b3afb4859cad8f513ce06e90e782e4b65f10f440a66e9dda55b8,sha256:5adbbaa020c93db9b6f39dde49d9fa6828375f0be8b7075108f3ba1f882c25b4,sha256:e5cd39ee1944e0cafab34ba01613a935fa59fd6b3c98ee9962f534f4b5fd3646,0,0,tank=1|target=0|cooldown=0,109,100,0,432
109,LEFT,109,sha256:62b88edef8814febfbbdd79896c4b02048ce77dfae34a93c378c642d3e7330dd,sha256:0f9494b8b192b3afb4859cad8f513ce06e90e782e4b65f10f440a66e9dda55b8,sha256:0f9494b8b192b3afb4859cad8f513ce06e90e782e4b65f10f440a66e9dda55b8,sha256:5adbbaa020c93db9b6f39dde49d9fa6828375f0be8b7075108f3ba1f882c25b4,sha256:e5cd39ee1944e0cafab34ba01613a935fa59fd6b3c98ee9962f534f4b5fd3646,0,0,tank=1|target=0|cooldown=1,109,100,0,432
109,FIRE,109,sha256:62b88edef8814febfbbdd79896c4b02048ce77dfae34a93c378c642d3e7330dd,sha256:0f9494b8b192b3afb4859cad8f513ce06e90e782e4b65f10f440a66e9dda55b8,sha256:0f9494b8b192b3afb4859cad8f513ce06e90e782e4b65f10f440a66e9dda55b8,sha256:f41fe2a8450750cd9864e1a09de809e8054171ed2d96cf773bbf0c3d5ed7bc0a,sha256:8c57310fac30c343833db88914c10b7f350044fbcd7f9a0ced98a16ab0da9991,0,0,tank=1|target=1|cooldown=0,109,100,0,432
109,STAY,109,sha256:62b88edef8814febfbbdd79896c4b02048ce77dfae34a93c378c642d3e7330dd,sha256:0f9494b8b192b3afb4859cad8f513ce06e90e782e4b65f10f440a66e9dda55b8,sha256:0f9494b8b192b3afb4859cad8f513ce06e90e782e4b65f10f440a66e9dda55b8,sha256:f41fe2a8450750cd9864e1a09de809e8054171ed2d96cf773bbf0c3d5ed7bc0a,sha256:8c57310fac30c343833db88914c10b7f350044fbcd7f9a0ced98a16ab0da9991,0,0,tank=1|target=1|cooldown=1,109,100,0,432
109,RIGHT,109,sha256:62b88edef8814febfbbdd79896c4b02048ce77dfae34a93c378c642d3e7330dd,sha256:0f9494b8b192b3afb4859cad8f513ce06e90e782e4b65f10f440a66e9dda55b8,sha256:0f9494b8b192b3afb4859cad8f513ce06e90e782e4b65f10f440a66e9dda55b8,sha256:6921569b23d930b24e31562346c68a4c57a80c37ae8ca56736d00b07e88f577a,sha256:776b24e6e5e486372fc20479cc66257151d35c8d850a8ab3395400b06844b070,0,0,tank=1|target=2|cooldown=0,109,100,0,432
109,RIGHT,109,sha256:62b88edef8814febfbbdd79896c4b02048ce77dfae34a93c378c642d3e7330dd,sha256:0f9494b8b192b3afb4859cad8f513ce06e90e782e4b65f10f440a66e9dda55b8,sha256:0f9494b8b192b3afb4859cad8f513ce06e90e782e4b65f10f440a66e9dda55b8,sha256:6921569b23d930b24e31562346c68a4c57a80c37ae8ca56736d00b07e88f577a,sha256:776b24e6e5e486372fc20479cc66257151d35c8d850a8ab3395400b06844b070,0,0,tank=1|target=2|cooldown=1,109,100,0,432
109,RIGHT,109,sha256:62b88edef8814febfbbdd79896c4b02048ce77dfae34a93c378c642d3e7330dd,sha256:0f9494b8b192b3afb4859cad8f513ce06e90e782e4b65f10f440a66e9dda55b8,sha256:0f9494b8b192b3afb4859cad8f513ce06e90e782e4b65f10f440a66e9dda55b8,sha256:4fd1b24e2e4eb295e1616b08fb4028095c5316463ccd83aef376a4d8060b4910,sha256:b314cd83c2597b1a45bdbaf0ee845b8dfafda688cb3ca1038ac3588baa798b88,0,0,tank=1|target=3|cooldown=0,109,100,0,432
109,RIGHT,109,sha256:62b88edef8814febfbbdd79896c4b02048ce77dfae34a93c378c642d3e7330dd,sha256:0f9494b8b192b3afb4859cad8f513ce06e90e782e4b65f10f440a66e9dda55b8,sha256:0f9494b8b192b3afb4859cad8f513ce06e90e782e4b65f10f440a66e9dda55b8,sha256:4fd1b24e2e4eb295e1616b08fb4028095c5316463ccd83aef376a4d8060b4910,sha256:b314cd83c2597b1a45bdbaf0ee845b8dfafda688cb3ca1038ac3588baa798b88,0,0,tank=1|target=3|cooldown=1,109,100,0,432
109,RIGHT,109,sha256:62b88edef8814febfbbdd79896c4b02048ce77dfae34a93c378c642d3e7330dd,sha256:0f9494b8b192b3afb4859cad8f513ce06e90e782e4b65f10f440a66e9dda55b8,sha256:0f9494b8b192b3afb4859cad8f513ce06e90e782e4b65f10f440a66e9dda55b8,sha256:85042893418a9053c45f1503cd7848082e0435637c043f2d7959c0844b61528a,sha256:944cae5371c9a11b32cd4288627d0e83400d41a20edc50703874fd49f0fd59a4,0,0,tank=1|target=4|cooldown=0,109,100,0,432
109,RIGHT,109,sha256:62b88edef8814febfbbdd79896c4b02048ce77dfae34a93c378c642d3e7330dd,sha256:0f9494b8b192b3afb4859cad8f513ce06e90e782e4b65f10f440a66e9dda55b8,sha256:0f9494b8b192b3afb4859cad8f513ce06e90e782e4b65f10f440a66e9dda55b8,sha256:85042893418a9053c45f1503cd7848082e0435637c043f2d7959c0844b61528a,sha256:944cae5371c9a11b32cd4288627d0e83400d41a20edc50703874fd49f0fd59a4,0,0,tank=1|target=4|cooldown=1,109,100,0,432
109,RIGHT,109,sha256:62b88edef8814febfbbdd79896c4b02048ce77dfae34a93c378c642d3e7330dd,sha256:0f9494b8b192b3afb4859cad8f513ce06e90e782e4b65f10f440a66e9dda55b8,sha256:0f9494b8b192b3afb4859cad8f513ce06e90e782e4b65f10f440a66e9dda55b8,sha256:6229e9fbe91123b3318f560a91bb1769c1c11937c2751ce613bc5e137c03188c,sha256:54c535af68cfd499d86236a9d8d36dc6af98bacc927072beb2836a34c234c8d2,0,0,tank=1|target=5|cooldown=0,109,100,0,432
109,RIGHT,109,sha256:62b88edef8814febfbbdd79896c4b02048ce77dfae34a93c378c642d3e7330dd,sha256:0f9494b8b192b3afb4859cad8f513ce06e90e782e4b65f10f440a66e9dda55b8,sha256:0f9494b8b192b3afb4859cad8f513ce06e90e782e4b65f10f440a66e9dda55b8,sha256:6229e9fbe91123b3318f560a91bb1769c1c11937c2751ce613bc5e137c03188c,sha256:54c535af68cfd499d86236a9d8d36dc6af98bacc927072beb2836a34c234c8d2,0,0,tank=1|target=5|cooldown=1,109,100,0,432
109,RIGHT,109,sha256:62b88edef8814febfbbdd79896c4b02048ce77dfae34a93c378c642d3e7330dd,sha256:0f9494b8b192b3afb4859cad8f513ce06e90e782e4b65f10f440a66e9dda55b8,sha256:0f9494b8b192b3afb4859cad8f513ce06e90e782e4b65f10f440a66e9dda55b8,sha256:9ad836939ea50d9c8b2d66f5bc5c9ac8985bb4fecf7e0eb77957fbed126399d6,sha256:17633c311972b562fb7b43ad6ba5aa335985797dac9dd6c1f6579140c0b6dab5,0,0,tank=1|target=6|cooldown=0,109,100,0,434
109,RIGHT,109,sha256:62b88edef8814febfbbdd79896c4b02048ce77dfae34a93c378c642d3e7330dd,sha256:0f9494b8b192b3afb4859cad8f513ce06e90e782e4b65f10f440a66e9dda55b8,sha256:0f9494b8b192b3afb4859cad8f513ce06e90e782e4b65f10f440a66e9dda55b8,sha256:9ad836939ea50d9c8b2d66f5bc5c9ac8985bb4fecf7e0eb77957fbed126399d6,sha256:17633c311972b562fb7b43ad6ba5aa335985797dac9dd6c1f6579140c0b6dab5,0,0,tank=1|target=6|cooldown=1,109,100,0,434
109,STAY,109,sha256:62b88edef8814febfbbdd79896c4b02048ce77dfae34a93c378c642d3e7330dd,sha256:0f9494b8b192b3afb4859cad8f513ce06e90e782e4b65f10f440a66e9dda55b8,sha256:0f9494b8b192b3afb4859cad8f513ce06e90e782e4b65f10f440a66e9dda55b8,sha256:2ff8bdea6e41f4bf8c70fb52f41ec9d728cc4e026fb14de0a9b05bb98208b0fd,sha256:7d180d873d31a0185fc25a3b3b73a6b445d7b9bd6f337996ff2de291e683f16f,0,0,tank=1|target=none|cooldown=0,109,103,0,438
109,STAY,109,sha256:62b88edef8814febfbbdd79896c4b02048ce77dfae34a93c378c642d3e7330dd,sha256:0f9494b8b192b3afb4859cad8f513ce06e90e782e4b65f10f440a66e9dda55b8,sha256:0f9494b8b192b3afb4859cad8f513ce06e90e782e4b65f10f440a66e9dda55b8,sha256:2ff8bdea6e41f4bf8c70fb52f41ec9d728cc4e026fb14de0a9b05bb98208b0fd,sha256:7d180d873d31a0185fc25a3b3b73a6b445d7b9bd6f337996ff2de291e683f16f,0,0,tank=1|target=none|cooldown=1,109,103,0,438
109,LEFT,109,sha256:62b88edef8814febfbbdd79896c4b02048ce77dfae34a93c378c642d3e7330dd,sha256:0f9494b8b192b3afb4859cad8f513ce06e90e782e4b65f10f440a66e9dda55b8,sha256:0f9494b8b192b3afb4859cad8f513ce06e90e782e4b65f10f440a66e9dda55b8,sha256:2d039ef9c0f7dca29c01afe5b2a7d0e631a6c080ccd6c4496b8e7b58c21fab85,sha256:364a2f0ff69c687400f967cd7d45ea11ca493b259b62749ff291b59c225203d6,0,0,tank=2|target=0|cooldown=0,109,100,0,432
109,LEFT,109,sha256:62b88edef8814febfbbdd79896c4b02048ce77dfae34a93c378c642d3e7330dd,sha256:0f9494b8b192b3afb4859cad8f513ce06e90e782e4b65f10f440a66e9dda55b8,sha256:0f9494b8b192b3afb4859cad8f513ce06e90e782e4b65f10f440a66e9dda55b8,sha256:2d039ef9c0f7dca29c01afe5b2a7d0e631a6c080ccd6c4496b8e7b58c21fab85,sha256:364a2f0ff69c687400f967cd7d45ea11ca493b259b62749ff291b59c225203d6,0,0,tank=2|target=0|cooldown=1,109,100,0,432
109,LEFT,109,sha256:62b88edef8814febfbbdd79896c4b02048ce77dfae34a93c378c642d3e7330dd,sha256:0f9494b8b192b3afb4859cad8f513ce06e90e782e4b65f10f440a66e9dda55b8,sha256:0f9494b8b192b3afb4859cad8f513ce06e90e782e4b65f10f440a66e9dda55b8,sha256:53cc74c10b4e25abe65a2ffb096f84d5d91dd85fd554a6c8170dd4442e0bfe6e,sha256:7b566e3d16a77ce9a46a09e880830c2a6524b22059b837846607d32cc6e6605f,0,0,tank=2|target=1|cooldown=0,109,100,0,432
109,LEFT,109,sha256:62b88edef8814febfbbdd79896c4b02048ce77dfae34a93c378c642d3e7330dd,sha256:0f9494b8b192b3afb4859cad8f513ce06e90e782e4b65f10f440a66e9dda55b8,sha256:0f9494b8b192b3afb4859cad8f513ce06e90e782e4b65f10f440a66e9dda55b8,sha256:53cc74c10b4e25abe65a2ffb096f84d5d91dd85fd554a6c8170dd4442e0bfe6e,sha256:7b566e3d16a77ce9a46a09e880830c2a6524b22059b837846607d32cc6e6605f,0,0,tank=2|target=1|cooldown=1,109,100,0,432
109,FIRE,109,sha256:62b88edef8814febfbbdd79896c4b02048ce77dfae34a93c378c642d3e7330dd,sha256:0f9494b8b192b3afb4859cad8f513ce06e90e782e4b65f10f440a66e9dda55b8,sha256:0f9494b8b192b3afb4859cad8f513ce06e90e782e4b65f10f440a66e9dda55b8,sha256:fc6ad70102ccca78713c05143d085657fae93c681a88e3527367f6d44f2dd1a6,sha256:7c0fb26df8c20f98f827026154218eaebe9542a64df54c865774cf7446b12c2e,0,0,tank=2|target=2|cooldown=0,109,100,0,432
109,STAY,109,sha256:62b88edef8814febfbbdd79896c4b02048ce77dfae34a93c378c642d3e7330dd,sha256:0f9494b8b192b3afb4859cad8f513ce06e90e782e4b65f10f440a66e9dda55b8,sha256:0f9494b8b192b3afb4859cad8f513ce06e90e782e4b65f10f440a66e9dda55b8,sha256:fc6ad70102ccca78713c05143d085657fae93c681a88e3527367f6d44f2dd1a6,sha256:7c0fb26df8c20f98f827026154218eaebe9542a64df54c865774cf7446b12c2e,0,0,tank=2|target=2|cooldown=1,109,100,0,432
109,RIGHT,109,sha256:62b88edef8814febfbbdd79896c4b02048ce77dfae34a93c378c642d3e7330dd,sha256:0f9494b8b192b3afb4859cad8f513ce06e90e782e4b65f10f440a66e9dda55b8,sha256:0f9494b8b192b3afb4859cad8f513ce06e90e782e4b65f10f440a66e9dda55b8,sha256:0761e728de1449d352c2d127a76a2ed5a5a9e9bd100cd99b2732cac8b5098b51,sha256:ef6534ea1190852e160834fe3c9f8fec90b4992207353852b7f287b647c16442,0,0,tank=2|target=3|cooldown=0,109,100,0,432
109,RIGHT,109,sha256:62b88edef8814febfbbdd79896c4b02048ce77dfae34a93c378c642d3e7330dd,sha256:0f9494b8b192b3afb4859cad8f513ce06e90e782e4b65f10f440a66e9dda55b8,sha256:0f9494b8b192b3afb4859cad8f513ce06e90e782e4b65f10f440a66e9dda55b8,sha256:0761e728de1449d352c2d127a76a2ed5a5a9e9bd100cd99b2732cac8b5098b51,sha256:ef6534ea1190852e160834fe3c9f8fec90b4992207353852b7f287b647c16442,0,0,tank=2|target=3|cooldown=1,109,100,0,432
109,RIGHT,109,sha256:62b88edef8814febfbbdd79896c4b02048ce77dfae34a93c378c642d3e7330dd,sha256:0f9494b8b192b3afb4859cad8f513ce06e90e782e4b65f10f440a66e9dda55b8,sha256:0f9494b8b192b3afb4859cad8f513ce06e90e782e4b65f10f440a66e9dda55b8,sha256:6639254ec1aecbc9e1562786b96f56b2ba32553a420c8daf904469b20cb8976c,sha256:cedb3a7da16c65c50556b5aa75559571f7b14ce94bd7edcefe8ac20258a7987d,0,0,tank=2|target=4|cooldown=0,109,100,0,432
109,RIGHT,109,sha256:62b88edef8814febfbbdd79896c4b02048ce77dfae34a93c378c642d3e7330dd,sha256:0f9494b8b192b3afb4859cad8f513ce06e90e782e4b65f10f440a66e9dda55b8,sha256:0f9494b8b192b3afb4859cad8f513ce06e90e782e4b65f10f440a66e9dda55b8,sha256:6639254ec1aecbc9e1562786b96f56b2ba32553a420c8daf904469b20cb8976c,sha256:cedb3a7da16c65c50556b5aa75559571f7b14ce94bd7edcefe8ac20258a7987d,0,0,tank=2|target=4|cooldown=1,109,100,0,432
109,RIGHT,109,sha256:62b88edef8814febfbbdd79896c4b02048ce77dfae34a93c378c642d3e7330dd,sha256:0f9494b8b192b3afb4859cad8f513ce06e90e782e4b65f10f440a66e9dda55b8,sha256:0f9494b8b192b3afb4859cad8f513ce06e90e782e4b65f10f440a66e9dda55b8,sha256:1d0175a0a766cd96b898b1c6933ab246a3d0271ee8ea412dc405688734404897,sha256:9647d8edfae375a62906644db0b98b8656c24ef0293bda06463713f5336fc7e1,0,0,tank=2|target=5|cooldown=0,109,100,0,432
109,RIGHT,109,sha256:62b88edef8814febfbbdd79896c4b02048ce77dfae34a93c378c642d3e7330dd,sha256:0f9494b8b192b3afb4859cad8f513ce06e90e782e4b65f10f440a66e9dda55b8,sha256:0f9494b8b192b3afb4859cad8f513ce06e90e782e4b65f10f440a66e9dda55b8,sha256:1d0175a0a766cd96b898b1c6933ab246a3d0271ee8ea412dc405688734404897,sha256:9647d8edfae375a62906644db0b98b8656c24ef0293bda06463713f5336fc7e1,0,0,tank=2|target=5|cooldown=1,109,100,0,432
109,RIGHT,109,sha256:62b88edef8814febfbbdd79896c4b02048ce77dfae34a93c378c642d3e7330dd,sha256:0f9494b8b192b3afb4859cad8f513ce06e90e782e4b65f10f440a66e9dda55b8,sha256:0f9494b8b192b3afb4859cad8f513ce06e90e782e4b65f10f440a66e9dda55b8,sha256:02af05e88dc7575c05819fc869ede41fe6dc71c1934fec127b383aa0629c7a9b,sha256:ec85b9f6461064a937f9b9784eb8f636ee0051624af1eb76000e604d3893abfd,0,0,tank=2|target=6|cooldown=0,109,100,0,434
109,RIGHT,109,sha256:62b88edef8814febfbbdd79896c4b02048ce77dfae34a93c378c642d3e7330dd,sha256:0f9494b8b192b3afb4859cad8f513ce06e90e782e4b65f10f440a66e9dda55b8,sha256:0f9494b8b192b3afb4859cad8f513ce06e90e782e4b65f10f440a66e9dda55b8,sha256:02af05e88dc7575c05819fc869ede41fe6dc71c1934fec127b383aa0629c7a9b,sha256:ec85b9f6461064a937f9b9784eb8f636ee0051624af1eb76000e604d3893abfd,0,0,tank=2|target=6|cooldown=1,109,100,0,434
109,STAY,109,sha256:62b88edef8814febfbbdd79896c4b02048ce77dfae34a93c378c642d3e7330dd,sha256:0f9494b8b192b3afb4859cad8f513ce06e90e782e4b65f10f440a66e9dda55b8,sha256:0f9494b8b192b3afb4859cad8f513ce06e90e782e4b65f10f440a66e9dda55b8,sha256:5a0c4797fb9f263bae5da37ae9e1f3a1ca5e2cb531b49a16e7fb993e0b7dc3d9,sha256:83785a9f7253140b0fe0e18a92b45908ede00bc1b5aeb323b81c7391313ad0ad,0,0,tank=2|target=none|cooldown=0,109,103,0,438
109,STAY,109,sha256:62b88edef8814febfbbdd79896c4b02048ce77dfae34a93c378c642d3e7330dd,sha256:0f9494b8b192b3afb4859cad8f513ce06e90e782e4b65f10f440a66e9dda55b8,sha256:0f9494b8b192b3afb4859cad8f513ce06e90e782e4b65f10f440a66e9dda55b8,sha256:5a0c4797fb9f263bae5da37ae9e1f3a1ca5e2cb531b49a16e7fb993e0b7dc3d9,sha256:83785a9f7253140b0fe0e18a92b45908ede00bc1b5aeb323b81c7391313ad0ad,0,0,tank=2|target=none|cooldown=1,109,103,0,438
109,LEFT,109,sha256:62b88edef8814febfbbdd79896c4b02048ce77dfae34a93c378c642d3e7330dd,sha256:0f9494b8b192b3afb4859cad8f513ce06e90e782e4b65f10f440a66e9dda55b8,sha256:0f9494b8b192b3afb4859cad8f513ce06e90e782e4b65f10f440a66e9dda55b8,sha256:6d8ef70e77d344ab78ffd8b25c5be5a410fbfa9e0a9b04b7b08b25e0bea391e7,sha256:2de16c58f65594065b2249a7f046b0509826ace308f6534829ddc366d60466ac,0,0,tank=3|target=0|cooldown=0,109,100,0,432
109,LEFT,109,sha256:62b88edef8814febfbbdd79896c4b02048ce77dfae34a93c378c642d3e7330dd,sha256:0f9494b8b192b3afb4859cad8f513ce06e90e782e4b65f10f440a66e9dda55b8,sha256:0f9494b8b192b3afb4859cad8f513ce06e90e782e4b65f10f440a66e9dda55b8,sha256:6d8ef70e77d344ab78ffd8b25c5be5a410fbfa9e0a9b04b7b08b25e0bea391e7,sha256:2de16c58f65594065b2249a7f046b0509826ace308f6534829ddc366d60466ac,0,0,tank=3|target=0|cooldown=1,109,100,0,432
109,LEFT,109,sha256:62b88edef8814febfbbdd79896c4b02048ce77dfae34a93c378c642d3e7330dd,sha256:0f9494b8b192b3afb4859cad8f513ce06e90e782e4b65f10f440a66e9dda55b8,sha256:0f9494b8b192b3afb4859cad8f513ce06e90e782e4b65f10f440a66e9dda55b8,sha256:696af202224e2e1a8482719b9c466c7c5951efffe26b495ee61319a128b05a30,sha256:12e7815b6b50c3f0d30c55128915fef2eb29f70b0277bc583876dc2e7f766d2a,0,0,tank=3|target=1|cooldown=0,109,100,0,432
109,LEFT,109,sha256:62b88edef8814febfbbdd79896c4b02048ce77dfae34a93c378c642d3e7330dd,sha256:0f9494b8b192b3afb4859cad8f513ce06e90e782e4b65f10f440a66e9dda55b8,sha256:0f9494b8b192b3afb4859cad8f513ce06e90e782e4b65f10f440a66e9dda55b8,sha256:696af202224e2e1a8482719b9c466c7c5951efffe26b495ee61319a128b05a30,sha256:12e7815b6b50c3f0d30c55128915fef2eb29f70b0277bc583876dc2e7f766d2a,0,0,tank=3|target=1|cooldown=1,109,100,0,432
109,LEFT,109,sha256:62b88edef8814febfbbdd79896c4b02048ce77dfae34a93c378c642d3e7330dd,sha256:0f9494b8b192b3afb4859cad8f513ce06e90e782e4b65f10f440a66e9dda55b8,sha256:0f9494b8b192b3afb4859cad8f513ce06e90e782e4b65f10f440a66e9dda55b8,sha256:0444ef5792b60241511d12fa1950d344f84d0b6e6cc332f4bccacc147326d414,sha256:fbee8b01f337a5b483bf06204ad429e3cffda330a20eb3e5224c117ae5219fb5,0,0,tank=3|target=2|cooldown=0,109,100,0,432
109,LEFT,109,sha256:62b88edef8814febfbbdd79896c4b02048ce77dfae34a93c378c642d3e7330dd,sha256:0f9494b8b192b3afb4859cad8f513ce06e90e782e4b65f10f440a66e9dda55b8,sha256:0f9494b8b192b3afb4859cad8f513ce06e90e782e4b65f10f440a66e9dda55b8,sha256:0444ef5792b60241511d12fa1950d344f84d0b6e6cc332f4bccacc147326d414,sha256:fbee8b01f337a5b483bf06204ad429e3cffda330a20eb3e5224c117ae5219fb5,0,0,tank=3|target=2|cooldown=1,109,100,0,432
109,FIRE,109,sha256:62b88edef8814febfbbdd79896c4b02048ce77dfae34a93c378c642d3e7330dd,sha256:0f9494b8b192b3afb4859cad8f513ce06e90e782e4b65f10f440a66e9dda55b8,sha256:0f9494b8b192b3afb4859cad8f513ce06e90e782e4b65f10f440a66e9dda55b8,sha256:862eec2cc9a1a336900aa961bdf854c95cac20bb0161a2339e6f845de7926aee,sha256:b98660cdae19b67ea35c7994a7898f1fcb4dae5df77613601ecd16ef7ed9c19f,0,0,tank=3|target=3|cooldown=0,109,100,0,432
109,STAY,109,sha256:62b88edef8814febfbbdd79896c4b02048ce77dfae34a93c378c642d3e7330dd,sha256:0f9494b8b192b3afb4859cad8f513ce06e90e782e4b65f10f440a66e9dda55b8,sha256:0f9494b8b192b3afb4859cad8f513ce06e90e782e4b65f10f440a66e9dda55b8,sha256:862eec2cc9a1a336900aa961bdf854c95cac20bb0161a2339e6f845de7926aee,sha256:b98660cdae19b67ea35c7994a7898f1fcb4dae5df77613601ecd16ef7ed9c19f,0,0,tank=3|target=3|cooldown=1,109,100,0,432
109,RIGHT,109,sha256:62b88edef8814febfbbdd79896c4b02048ce77dfae34a93c378c642d3e7330dd,sha256:0f9494b8b192b3afb4859cad8f513ce06e90e782e4b65f10f440a66e9dda55b8,sha256:0f9494b8b192b3afb4859cad8f513ce06e90e782e4b65f10f440a66e9dda55b8,sha256:bec5992715679f289e559c0820d8d834a9c206a52fc41f222cec7015822775ec,sha256:eafa6e682dd54b8a9e027c67118da67f699d41b9f0f59cf2c4c1d6591e85ae17,0,0,tank=3|target=4|cooldown=0,109,100,0,432
109,RIGHT,109,sha256:62b88edef8814febfbbdd79896c4b02048ce77dfae34a93c378c642d3e7330dd,sha256:0f9494b8b192b3afb4859cad8f513ce06e90e782e4b65f10f440a66e9dda55b8,sha256:0f9494b8b192b3afb4859cad8f513ce06e90e782e4b65f10f440a66e9dda55b8,sha256:bec5992715679f289e559c0820d8d834a9c206a52fc41f222cec7015822775ec,sha256:eafa6e682dd54b8a9e027c67118da67f699d41b9f0f59cf2c4c1d6591e85ae17,0,0,tank=3|target=4|cooldown=1,109,100,0,432
109,RIGHT,109,sha256:62b88edef8814febfbbdd79896c4b02048ce77dfae34a93c378c642d3e7330dd,sha256:0f9494b8b192b3afb4859cad8f513ce06e90e782e4b65f10f440a66e9dda55b8,sha256:0f9494b8b192b3afb4859cad8f513ce06e90e782e4b65f10f440a66e9dda55b8,sha256:c0ebedff4bd49f61501e41d337ac7e08469f4c83d1efefe7d64770847b5cb4a0,sha256:948380d82596683677396da949298674b46b61e0f029886bd69408da0bde2003,0,0,tank=3|target=5|cooldown=0,109,100,0,432
109,RIGHT,109,sha256:62b88edef8814febfbbdd79896c4b02048ce77dfae34a93c378c642d3e7330dd,sha256:0f9494b8b192b3afb4859cad8f513ce06e90e782e4b65f10f440a66e9dda55b8,sha256:0f9494b8b192b3afb4859cad8f513ce06e90e782e4b65f10f440a66e9dda55b8,sha256:c0ebedff4bd49f61501e41d337ac7e08469f4c83d1efefe7d64770847b5cb4a0,sha256:948380d82596683677396da949298674b46b61e0f029886bd69408da0bde2003,0,0,tank=3|target=5|cooldown=1,109,100,0,432
109,RIGHT,109,sha256:62b88edef8814febfbbdd79896c4b02048ce77dfae34a93c378c642d3e7330dd,sha256:0f9494b8b192b3afb4859cad8f513ce06e90e782e4b65f10f440a66e9dda55b8,sha256:0f9494b8b192b3afb4859cad8f513ce06e90e782e4b65f10f440a66e9dda55b8,sha256:6fd7dd551dc5aba78c1749cfbe3e475d5d270e3cf297413c6a4f70585c25a0e4,sha256:24bc45cf6ec87895273e101b6cc01b654b4972cfd123fa6b530bf55ebe042348,0,0,tank=3|target=6|cooldown=0,109,100,0,434
109,RIGHT,109,sha256:62b88edef8814febfbbdd79896c4b02048ce77dfae34a93c378c642d3e7330dd,sha256:0f9494b8b192b3afb4859cad8f513ce06e90e782e4b65f10f440a66e9dda55b8,sha256:0f9494b8b192b3afb4859cad8f513ce06e90e782e4b65f10f440a66e9dda55b8,sha256:6fd7dd551dc5aba78c1749cfbe3e475d5d270e3cf297413c6a4f70585c25a0e4,sha256:24bc45cf6ec87895273e101b6cc01b654b4972cfd123fa6b530bf55ebe042348,0,0,tank=3|target=6|cooldown=1,109,100,0,434
109,STAY,109,sha256:62b88edef8814febfbbdd79896c4b02048ce77dfae34a93c378c642d3e7330dd,sha256:0f9494b8b192b3afb4859cad8f513ce06e90e782e4b65f10f440a66e9dda55b8,sha256:0f9494b8b192b3afb4859cad8f513ce06e90e782e4b65f10f440a66e9dda55b8,sha256:f62001afc736d53899a4d8cf1d4d784af3310af1ede9ee4077be62c8246836eb,sha256:25b37148471ee242bb38aaa800810ead7822c543c337b25843093856b9af9d21,0,0,tank=3|target=none|cooldown=0,109,103,0,438
109,STAY,109,sha256:62b88edef8814febfbbdd79896c4b02048ce77dfae34a93c378c642d3e7330dd,sha256:0f9494b8b192b3afb4859cad8f513ce06e90e782e4b65f10f440a66e9dda55b8,sha256:0f9494b8b192b3afb4859cad8f513ce06e90e782e4b65f10f440a66e9dda55b8,sha256:f62001afc736d53899a4d8cf1d4d784af3310af1ede9ee4077be62c8246836eb,sha256:25b37148471ee242bb38aaa800810ead7822c543c337b25843093856b9af9d21,0,0,tank=3|target=none|cooldown=1,109,103,0,438
109,LEFT,109,sha256:62b88edef8814febfbbdd79896c4b02048ce77dfae34a93c378c642d3e7330dd,sha256:0f9494b8b192b3afb4859cad8f513ce06e90e782e4b65f10f440a66e9dda55b8,sha256:0f9494b8b192b3afb4859cad8f513ce06e90e782e4b65f10f440a66e9dda55b8,sha256:6b52837d92776ef7fd8fb70d98d8a3e702fe8e9a7f067238de544ee9e9703e6e,sha256:e00259fb08b6481d5bb7d630bfaeffd300c2230e0bfe1465e4e5d5d78c5f07ef,0,0,tank=4|target=0|cooldown=0,109,100,0,432
109,LEFT,109,sha256:62b88edef8814febfbbdd79896c4b02048ce77dfae34a93c378c642d3e7330dd,sha256:0f9494b8b192b3afb4859cad8f513ce06e90e782e4b65f10f440a66e9dda55b8,sha256:0f9494b8b192b3afb4859cad8f513ce06e90e782e4b65f10f440a66e9dda55b8,sha256:6b52837d92776ef7fd8fb70d98d8a3e702fe8e9a7f067238de544ee9e9703e6e,sha256:e00259fb08b6481d5bb7d630bfaeffd300c2230e0bfe1465e4e5d5d78c5f07ef,0,0,tank=4|target=0|cooldown=1,109,100,0,432
109,LEFT,109,sha256:62b88edef8814febfbbdd79896c4b02048ce77dfae34a93c378c642d3e7330dd,sha256:0f9494b8b192b3afb4859cad8f513ce06e90e782e4b65f10f440a66e9dda55b8,sha256:0f9494b8b192b3afb4859cad8f513ce06e90e782e4b65f10f440a66e9dda55b8,sha256:38b5fdac7f86b9871af19dc9eaf04e33af5d13285647a2be681464cf8c479158,sha256:5b6e93beead2bf893b6ea9b8465faf68c728ea30a486925b165a2b2f12e5ead8,0,0,tank=4|target=1|cooldown=0,109,100,0,432
109,LEFT,109,sha256:62b88edef8814febfbbdd79896c4b02048ce77dfae34a93c378c642d3e7330dd,sha256:0f9494b8b192b3afb4859cad8f513ce06e90e782e4b65f10f440a66e9dda55b8,sha256:0f9494b8b192b3afb4859cad8f513ce06e90e782e4b65f10f440a66e9dda55b8,sha256:38b5fdac7f86b9871af19dc9eaf04e33af5d13285647a2be681464cf8c479158,sha256:5b6e93beead2bf893b6ea9b8465faf68c728ea30a486925b165a2b2f12e5ead8,0,0,tank=4|target=1|cooldown=1,109,100,0,432
109,LEFT,109,sha256:62b88edef8814febfbbdd79896c4b02048ce77dfae34a93c378c642d3e7330dd,sha256:0f9494b8b192b3afb4859cad8f513ce06e90e782e4b65f10f440a66e9dda55b8,sha256:0f9494b8b192b3afb4859cad8f513ce06e90e782e4b65f10f440a66e9dda55b8,sha256:0a3f8e3ac8eace46ab7ac7179a1a98712da5834e938e05b4e3c0b3d11230c9d0,sha256:e808e13186c82d1d13f74492a9f1213b99ab37928de4f596b7d70e32949424a6,0,0,tank=4|target=2|cooldown=0,109,100,0,432
109,LEFT,109,sha256:62b88edef8814febfbbdd79896c4b02048ce77dfae34a93c378c642d3e7330dd,sha256:0f9494b8b192b3afb4859cad8f513ce06e90e782e4b65f10f440a66e9dda55b8,sha256:0f9494b8b192b3afb4859cad8f513ce06e90e782e4b65f10f440a66e9dda55b8,sha256:0a3f8e3ac8eace46ab7ac7179a1a98712da5834e938e05b4e3c0b3d11230c9d0,sha256:e808e13186c82d1d13f74492a9f1213b99ab37928de4f596b7d70e32949424a6,0,0,tank=4|target=2|cooldown=1,109,100,0,432
109,LEFT,109,sha256:62b88edef8814febfbbdd79896c4b02048ce77dfae34a93c378c642d3e7330dd,sha256:0f9494b8b192b3afb4859cad8f513ce06e90e782e4b65f10f440a66e9dda55b8,sha256:0f9494b8b192b3afb4859cad8f513ce06e90e782e4b65f10f440a66e9dda55b8,sha256:7c934bf8e8ac4b1cf1ebf45671c0275e55b25884ee5bc53806974d80ca5f4bdd,sha256:c8ab9644c9e2180047f3ce1bcacfce942fe61ccc2fb05ba83fd2685caf76f1c9,0,0,tank=4|target=3|cooldown=0,109,100,0,432
109,LEFT,109,sha256:62b88edef8814febfbbdd79896c4b02048ce77dfae34a93c378c642d3e7330dd,sha256:0f9494b8b192b3afb4859cad8f513ce06e90e782e4b65f10f440a66e9dda55b8,sha256:0f9494b8b192b3afb4859cad8f513ce06e90e782e4b65f10f440a66e9dda55b8,sha256:7c934bf8e8ac4b1cf1ebf45671c0275e55b25884ee5bc53806974d80ca5f4bdd,sha256:c8ab9644c9e2180047f3ce1bcacfce942fe61ccc2fb05ba83fd2685caf76f1c9,0,0,tank=4|target=3|cooldown=1,109,100,0,432
109,FIRE,109,sha256:62b88edef8814febfbbdd79896c4b02048ce77dfae34a93c378c642d3e7330dd,sha256:0f9494b8b192b3afb4859cad8f513ce06e90e782e4b65f10f440a66e9dda55b8,sha256:0f9494b8b192b3afb4859cad8f513ce06e90e782e4b65f10f440a66e9dda55b8,sha256:6d768ac33773cbece7d043123f28ef4aa17d5f0f4a5edf3676e7b06e44fc068e,sha256:778adbe6af8025758f641002242ae7b76793ef742b839e97585f969e2ee13b7e,0,0,tank=4|target=4|cooldown=0,109,100,0,432
109,STAY,109,sha256:62b88edef8814febfbbdd79896c4b02048ce77dfae34a93c378c642d3e7330dd,sha256:0f9494b8b192b3afb4859cad8f513ce06e90e782e4b65f10f440a66e9dda55b8,sha256:0f9494b8b192b3afb4859cad8f513ce06e90e782e4b65f10f440a66e9dda55b8,sha256:6d768ac33773cbece7d043123f28ef4aa17d5f0f4a5edf3676e7b06e44fc068e,sha256:778adbe6af8025758f641002242ae7b76793ef742b839e97585f969e2ee13b7e,0,0,tank=4|target=4|cooldown=1,109,100,0,432
109,RIGHT,109,sha256:62b88edef8814febfbbdd79896c4b02048ce77dfae34a93c378c642d3e7330dd,sha256:0f9494b8b192b3afb4859cad8f513ce06e90e782e4b65f10f440a66e9dda55b8,sha256:0f9494b8b192b3afb4859cad8f513ce06e90e782e4b65f10f440a66e9dda55b8,sha256:aab3e58e38406f42bceaab38c896c7c39dac44480a9d47ff20ba4c271826347c,sha256:f4d6e5c9b521e3b6755c962e65be9f0cc1a69aab6035c98b604e5d52a1dcdc48,0,0,tank=4|target=5|cooldown=0,109,100,0,432
109,RIGHT,109,sha256:62b88edef8814febfbbdd79896c4b02048ce77dfae34a93c378c642d3e7330dd,sha256:0f9494b8b192b3afb4859cad8f513ce06e90e782e4b65f10f440a66e9dda55b8,sha256:0f9494b8b192b3afb4859cad8f513ce06e90e782e4b65f10f440a66e9dda55b8,sha256:aab3e58e38406f42bceaab38c896c7c39dac44480a9d47ff20ba4c271826347c,sha256:f4d6e5c9b521e3b6755c962e65be9f0cc1a69aab6035c98b604e5d52a1dcdc48,0,0,tank=4|target=5|cooldown=1,109,100,0,432
109,RIGHT,109,sha256:62b88edef8814febfbbdd79896c4b02048ce77dfae34a93c378c642d3e7330dd,sha256:0f9494b8b192b3afb4859cad8f513ce06e90e782e4b65f10f440a66e9dda55b8,sha256:0f9494b8b192b3afb4859cad8f513ce06e90e782e4b65f10f440a66e9dda55b8,sha256:884b6c175aa66faa46ba4d7ed4d177e55936ca63ea5f14e4fc36207234367ffe,sha256:835e37b31f2e10fb97086476678316e557358dcfc1a0602937b4961ab1b1ac24,0,0,tank=4|target=6|cooldown=0,109,100,0,434
109,RIGHT,109,sha256:62b88edef8814febfbbdd79896c4b02048ce77dfae34a93c378c642d3e7330dd,sha256:0f9494b8b192b3afb4859cad8f513ce06e90e782e4b65f10f440a66e9dda55b8,sha256:0f9494b8b192b3afb4859cad8f513ce06e90e782e4b65f10f440a66e9dda55b8,sha256:884b6c175aa66faa46ba4d7ed4d177e55936ca63ea5f14e4fc36207234367ffe,sha256:835e37b31f2e10fb97086476678316e557358dcfc1a0602937b4961ab1b1ac24,0,0,tank=4|target=6|cooldown=1,109,100,0,434
109,STAY,109,sha256:62b88edef8814febfbbdd79896c4b02048ce77dfae34a93c378c642d3e7330dd,sha256:0f9494b8b192b3afb4859cad8f513ce06e90e782e4b65f10f440a66e9dda55b8,sha256:0f9494b8b192b3afb4859cad8f513ce06e90e782e4b65f10f440a66e9dda55b8,sha256:26a3ca1d07e7987df7678aa82009fde45de0dd2dc244e057ef7ed357c31b9c12,sha256:67be4b61dfc67fb2c73dea0fdc0cf5bed71d67ea1003b83ec549be0248a85761,0,0,tank=4|target=none|cooldown=0,109,103,0,438
109,STAY,109,sha256:62b88edef8814febfbbdd79896c4b02048ce77dfae34a93c378c642d3e7330dd,sha256:0f9494b8b192b3afb4859cad8f513ce06e90e782e4b65f10f440a66e9dda55b8,sha256:0f9494b8b192b3afb4859cad8f513ce06e90e782e4b65f10f440a66e9dda55b8,sha256:26a3ca1d07e7987df7678aa82009fde45de0dd2dc244e057ef7ed357c31b9c12,sha256:67be4b61dfc67fb2c73dea0fdc0cf5bed71d67ea1003b83ec549be0248a85761,0,0,tank=4|target=none|cooldown=1,109,103,0,438
109,LEFT,109,sha256:62b88edef8814febfbbdd79896c4b02048ce77dfae34a93c378c642d3e7330dd,sha256:0f9494b8b192b3afb4859cad8f513ce06e90e782e4b65f10f440a66e9dda55b8,sha256:0f9494b8b192b3afb4859cad8f513ce06e90e782e4b65f10f440a66e9dda55b8,sha256:3687d2b05eee1255765e0f04091377d5e601283a5a8457c0bb395920d5faa8ae,sha256:a0f9e43f541a974d32162957daa184696f24eb1a2639b265560fb88f50a5890d,0,0,tank=5|target=0|cooldown=0,109,100,0,432
109,LEFT,109,sha256:62b88edef8814febfbbdd79896c4b02048ce77dfae34a93c378c642d3e7330dd,sha256:0f9494b8b192b3afb4859cad8f513ce06e90e782e4b65f10f440a66e9dda55b8,sha256:0f9494b8b192b3afb4859cad8f513ce06e90e782e4b65f10f440a66e9dda55b8,sha256:3687d2b05eee1255765e0f04091377d5e601283a5a8457c0bb395920d5faa8ae,sha256:a0f9e43f541a974d32162957daa184696f24eb1a2639b265560fb88f50a5890d,0,0,tank=5|target=0|cooldown=1,109,100,0,432
109,LEFT,109,sha256:62b88edef8814febfbbdd79896c4b02048ce77dfae34a93c378c642d3e7330dd,sha256:0f9494b8b192b3afb4859cad8f513ce06e90e782e4b65f10f440a66e9dda55b8,sha256:0f9494b8b192b3afb4859cad8f513ce06e90e782e4b65f10f440a66e9dda55b8,sha256:b193957fe063aeeea3f6ac49bd320eb5c9c6ccb2d9b11a19cbe8665db15f0c88,sha256:667b0a2b3a754bc4b4834a19e8d19b060582b8d0027f213dd68e43516d817b12,0,0,tank=5|target=1|cooldown=0,109,100,0,432
109,LEFT,109,sha256:62b88edef8814febfbbdd79896c4b02048ce77dfae34a93c378c642d3e7330dd,sha256:0f9494b8b192b3afb4859cad8f513ce06e90e782e4b65f10f440a66e9dda55b8,sha256:0f9494b8b192b3afb4859cad8f513ce06e90e782e4b65f10f440a66e9dda55b8,sha256:b193957fe063aeeea3f6ac49bd320eb5c9c6ccb2d9b11a19cbe8665db15f0c88,sha256:667b0a2b3a754bc4b4834a19e8d19b060582b8d0027f213dd68e43516d817b12,0,0,tank=5|target=1|cooldown=1,109,100,0,432
109,LEFT,109,sha256:62b88edef8814febfbbdd79896c4b02048ce77dfae34a93c378c642d3e7330dd,sha256:0f9494b8b192b3afb4859cad8f513ce06e90e782e4b65f10f440a66e9dda55b8,sha256:0f9494b8b192b3afb4859cad8f513ce06e90e782e4b65f10f440a66e9dda55b8,sha256:cf99f84f3d68521d93774302e0ae74ce286f197b0e1071eda5f6bf489656ba9e,sha256:eb32ac9a69a223af126d4c13a95d810f8e750d6868e20714da56b939c2dadac4,0,0,tank=5|target=2|cooldown=0,109,100,0,432
109,LEFT,109,sha256:62b88edef8814febfbbdd79896c4b02048ce77dfae34a93c378c642d3e7330dd,sha256:0f9494b8b192b3afb4859cad8f513ce06e90e782e4b65f10f440a66e9dda55b8,sha256:0f9494b8b192b3afb4859cad8f513ce06e90e782e4b65f10f440a66e9dda55b8,sha256:cf99f84f3d68521d93774302e0ae74ce286f197b0e1071eda5f6bf489656ba9e,sha256:eb32ac9a69a223af126d4c13a95d810f8e750d6868e20714da56b939c2dadac4,0,0,tank=5|target=2|cooldown=1,109,100,0,432
109,LEFT,109,sha256:62b88edef8814febfbbdd79896c4b02048ce77dfae34a93c378c642d3e7330dd,sha256:0f9494b8b192b3afb4859cad8f513ce06e90e782e4b65f10f440a66e9dda55b8,sha256:0f9494b8b192b3afb4859cad8f513ce06e90e782e4b65f10f440a66e9dda55b8,sha256:293da632f446fea3c3c8ae141a0e3795a4c726bbe55137337424c4d07fb0a44e,sha256:f8d5d299b2802d74113737a6d4867bcf6c5b59c0e98d4b7fde7a217e8258530e,0,0,tank=5|target=3|cooldown=0,109,100,0,432
109,LEFT,109,sha256:62b88edef8814febfbbdd79896c4b02048ce77dfae34a93c378c642d3e7330dd,sha256:0f9494b8b192b3afb4859cad8f513ce06e90e782e4b65f10f440a66e9dda55b8,sha256:0f9494b8b192b3afb4859cad8f513ce06e90e782e4b65f10f440a66e9dda55b8,sha256:293da632f446fea3c3c8ae141a0e3795a4c726bbe55137337424c4d07fb0a44e,sha256:f8d5d299b2802d74113737a6d4867bcf6c5b59c0e98d4b7fde7a217e8258530e,0,0,tank=5|target=3|cooldown=1,109,100,0,432
109,LEFT,109,sha256:62b88edef8814febfbbdd79896c4b02048ce77dfae34a93c378c642d3e7330dd,sha256:0f9494b8b192b3afb4859cad8f513ce06e90e782e4b65f10f440a66e9dda55b8,sha256:0f9494b8b192b3afb4859cad8f513ce06e90e782e4b65f10f440a66e9dda55b8,sha256:f03f0d2ec32e2686d7358af067a56e224ae758e6e9a99c69c9d940fd2a77b2ba,sha256:7653d291b1b5797c3dcfc3452161616b94df6f33e700b3cc1c4921a64bede3aa,0,0,tank=5|target=4|cooldown=0,109,100,0,432
109,LEFT,109,sha256:62b88edef8814febfbbdd79896c4b02048ce77dfae34a93c378c642d3e7330dd,sha256:0f9494b8b192b3afb4859cad8f513ce06e90e782e4b65f10f440a66e9dda55b8,sha256:0f9494b8b192b3afb4859cad8f513ce06e90e782e4b65f10f440a66e9dda55b8,sha256:f03f0d2ec32e2686d7358af067a56e224ae758e6e9a99c69c9d940fd2a77b2ba,sha256:7653d291b1b5797c3dcfc3452161616b94df6f33e700b3cc1c4921a64bede3aa,0,0,tank=5|target=4|cooldown=1,109,100,0,432
109,FIRE,109,sha256:62b88edef8814febfbbdd79896c4b02048ce77dfae34a93c378c642d3e7330dd,sha256:0f9494b8b192b3afb4859cad8f513ce06e90e782e4b65f10f440a66e9dda55b8,sha256:0f9494b8b192b3afb4859cad8f513ce06e90e782e4b65f10f440a66e9dda55b8,sha256:c115e787c8c92d2bea47d54ef3e524fb719540fece360b6e2cf2c8189d5d2199,sha256:e5e6972e0508573fba19c5bd73c490e291ebf82dadd766477313ea6f4008ae26,0,0,tank=5|target=5|cooldown=0,109,100,0,432
109,STAY,109,sha256:62b88edef8814febfbbdd79896c4b02048ce77dfae34a93c378c642d3e7330dd,sha256:0f9494b8b192b3afb4859cad8f513ce06e90e782e4b65f10f440a66e9dda55b8,sha256:0f9494b8b192b3afb4859cad8f513ce06e90e782e4b65f10f440a66e9dda55b8,sha256:c115e787c8c92d2bea47d54ef3e524fb719540fece360b6e2cf2c8189d5d2199,sha256:e5e6972e0508573fba19c5bd73c490e291ebf82dadd766477313ea6f4008ae26,0,0,tank=5|target=5|cooldown=1,109,100,0,432
109,RIGHT,109,sha256:62b88edef8814febfbbdd79896c4b02048ce77dfae34a93c378c642d3e7330dd,sha256:0f9494b8b192b3afb4859cad8f513ce06e90e782e4b65f10f440a66e9dda55b8,sha256:0f9494b8b192b3afb4859cad8f513ce06e90e782e4b65f10f440a66e9dda55b8,sha256:c791786a2040fd32a0c60a32e579be7845bef6fce0e6e736856dd395d50f1d3b,sha256:90b2507c6b3a946aa0d2e2350bace6f82b78d675d7d975f0381e95bb579f8537,0,0,tank=5|target=6|cooldown=0,109,100,0,434
109,RIGHT,109,sha256:62b88edef8814febfbbdd79896c4b02048ce77dfae34a93c378c642d3e7330dd,sha256:0f9494b8b192b3afb4859cad8f513ce06e90e782e4b65f10f440a66e9dda55b8,sha256:0f9494b8b192b3afb4859cad8f513ce06e90e782e4b65f10f440a66e9dda55b8,sha256:c791786a2040fd32a0c60a32e579be7845bef6fce0e6e736856dd395d50f1d3b,sha256:90b2507c6b3a946aa0d2e2350bace6f82b78d675d7d975f0381e95bb579f8537,0,0,tank=5|target=6|cooldown=1,109,100,0,434
109,STAY,109,sha256:62b88edef8814febfbbdd79896c4b02048ce77dfae34a93c378c642d3e7330dd,sha256:0f9494b8b192b3afb4859cad8f513ce06e90e782e4b65f10f440a66e9dda55b8,sha256:0f9494b8b192b3afb4859cad8f513ce06e90e782e4b65f10f440a66e9dda55b8,sha256:c1c4fe58cdc8cf1c5a11a674510993f29d8ad1499cfc4c35770fd06594147b6d,sha256:d423eda0a373f5e8ac107ccfa0ad615db658fa64731ce93e2c2cf5180de7b06e,0,0,tank=5|target=none|cooldown=0,109,103,0,438
109,STAY,109,sha256:62b88edef8814febfbbdd79896c4b02048ce77dfae34a93c378c642d3e7330dd,sha256:0f9494b8b192b3afb4859cad8f513ce06e90e782e4b65f10f440a66e9dda55b8,sha256:0f9494b8b192b3afb4859cad8f513ce06e90e782e4b65f10f440a66e9dda55b8,sha256:c1c4fe58cdc8cf1c5a11a674510993f29d8ad1499cfc4c35770fd06594147b6d,sha256:d423eda0a373f5e8ac107ccfa0ad615db658fa64731ce93e2c2cf5180de7b06e,0,0,tank=5|target=none|cooldown=1,109,103,0,438
109,LEFT,109,sha256:62b88edef8814febfbbdd79896c4b02048ce77dfae34a93c378c642d3e7330dd,sha256:0f9494b8b192b3afb4859cad8f513ce06e90e782e4b65f10f440a66e9dda55b8,sha256:0f9494b8b192b3afb4859cad8f513ce06e90e782e4b65f10f440a66e9dda55b8,sha256:6ff78012d810fdc53adecc087ed4fb3c4575feda76848fffd3e10eb6c37fd125,sha256:672bbe6e001c84ba75171642e315f00c551fa26d8ce11011f18f8e106126726b,0,0,tank=6|target=0|cooldown=0,109,101,0,434
109,LEFT,109,sha256:62b88edef8814febfbbdd79896c4b02048ce77dfae34a93c378c642d3e7330dd,sha256:0f9494b8b192b3afb4859cad8f513ce06e90e782e4b65f10f440a66e9dda55b8,sha256:0f9494b8b192b3afb4859cad8f513ce06e90e782e4b65f10f440a66e9dda55b8,sha256:6ff78012d810fdc53adecc087ed4fb3c4575feda76848fffd3e10eb6c37fd125,sha256:672bbe6e001c84ba75171642e315f00c551fa26d8ce11011f18f8e106126726b,0,0,tank=6|target=0|cooldown=1,109,101,0,434
109,LEFT,109,sha256:62b88edef8814febfbbdd79896c4b02048ce77dfae34a93c378c642d3e7330dd,sha256:0f9494b8b192b3afb4859cad8f513ce06e90e782e4b65f10f440a66e9dda55b8,sha256:0f9494b8b192b3afb4859cad8f513ce06e90e782e4b65f10f440a66e9dda55b8,sha256:7f6dee09fef4f852853ade3878a4fa3aa2481210dcd6997e6a2dc4620eae0c34,sha256:7dd146e4bc34c9c04df90b196ce217a6a7a5cf246d267892b86435bf4bb3dc93,0,0,tank=6|target=1|cooldown=0,109,101,0,434
109,LEFT,109,sha256:62b88edef8814febfbbdd79896c4b02048ce77dfae34a93c378c642d3e7330dd,sha256:0f9494b8b192b3afb4859cad8f513ce06e90e782e4b65f10f440a66e9dda55b8,sha256:0f9494b8b192b3afb4859cad8f513ce06e90e782e4b65f10f440a66e9dda55b8,sha256:7f6dee09fef4f852853ade3878a4fa3aa2481210dcd6997e6a2dc4620eae0c34,sha256:7dd146e4bc34c9c04df90b196ce217a6a7a5cf246d267892b86435bf4bb3dc93,0,0,tank=6|target=1|cooldown=1,109,101,0,434
109,LEFT,109,sha256:62b88edef8814febfbbdd79896c4b02048ce77dfae34a93c378c642d3e7330dd,sha256:0f9494b8b192b3afb4859cad8f513ce06e90e782e4b65f10f440a66e9dda55b8,sha256:0f9494b8b192b3afb4859cad8f513ce06e90e782e4b65f10f440a66e9dda55b8,sha256:e15532e6015c8a492825630d6c59f61ef0fd62dfaab453137dd4421ee07f05cf,sha256:65f7d8d63f8517f0a57836e12273cdd06a65b16b34e0eeef2b160d690b90bdb7,0,0,tank=6|target=2|cooldown=0,109,101,0,434
109,LEFT,109,sha256:62b88edef8814febfbbdd79896c4b02048ce77dfae34a93c378c642d3e7330dd,sha256:0f9494b8b192b3afb4859cad8f513ce06e90e782e4b65f10f440a66e9dda55b8,sha256:0f9494b8b192b3afb4859cad8f513ce06e90e782e4b65f10f440a66e9dda55b8,sha256:e15532e6015c8a492825630d6c59f61ef0fd62dfaab453137dd4421ee07f05cf,sha256:65f7d8d63f8517f0a57836e12273cdd06a65b16b34e0eeef2b160d690b90bdb7,0,0,tank=6|target=2|cooldown=1,109,101,0,434
109,LEFT,109,sha256:62b88edef8814febfbbdd79896c4b02048ce77dfae34a93c378c642d3e7330dd,sha256:0f9494b8b192b3afb4859cad8f513ce06e90e782e4b65f10f440a66e9dda55b8,sha256:0f9494b8b192b3afb4859cad8f513ce06e90e782e4b65f10f440a66e9dda55b8,sha256:00fe5bff1bc130f6be4a8744d8b2ac31ac15f7adfb6cac83f4ebf69486115a30,sha256:e4042b5ce80cd1c1da54f29e49345add206e6c379a9b4809565e26d8c9216e51,0,0,tank=6|target=3|cooldown=0,109,101,0,434
109,LEFT,109,sha256:62b88edef8814febfbbdd79896c4b02048ce77dfae34a93c378c642d3e7330dd,sha256:0f9494b8b192b3afb4859cad8f513ce06e90e782e4b65f10f440a66e9dda55b8,sha256:0f9494b8b192b3afb4859cad8f513ce06e90e782e4b65f10f440a66e9dda55b8,sha256:00fe5bff1bc130f6be4a8744d8b2ac31ac15f7adfb6cac83f4ebf69486115a30,sha256:e4042b5ce80cd1c1da54f29e49345add206e6c379a9b4809565e26d8c9216e51,0,0,tank=6|target=3|cooldown=1,109,101,0,434
109,LEFT,109,sha256:62b88edef8814febfbbdd79896c4b02048ce77dfae34a93c378c642d3e7330dd,sha256:0f9494b8b192b3afb4859cad8f513ce06e90e782e4b65f10f440a66e9dda55b8,sha256:0f9494b8b192b3afb4859cad8f513ce06e90e782e4b65f10f440a66e9dda55b8,sha256:ea788bb8b318601957171fd57988205bd6ce366e4d63518b56cddf3585373edb,sha256:807a9263b7f13696f3336c1999818ceb66f81821266efbddc4b8e11c9203c1b2,0,0,tank=6|target=4|cooldown=0,109,101,0,434
109,LEFT,109,sha256:62b88edef8814febfbbdd79896c4b02048ce77dfae34a93c378c642d3e7330dd,sha256:0f9494b8b192b3afb4859cad8f513ce06e90e782e4b65f10f440a66e9dda55b8,sha256:0f9494b8b192b3afb4859cad8f513ce06e90e782e4b65f10f440a66e9dda55b8,sha256:ea788bb8b318601957171fd57988205bd6ce366e4d63518b56cddf3585373edb,sha256:807a9263b7f13696f3336c1999818ceb66f81821266efbddc4b8e11c9203c1b2,0,0,tank=6|target=4|cooldown=1,109,101,0,434
109,LEFT,109,sha256:62b88edef8814febfbbdd79896c4b02048ce77dfae34a93c378c642d3e7330dd,sha256:0f9494b8b192b3afb4859cad8f513ce06e90e782e4b65f10f440a66e9dda55b8,sha256:0f9494b8b192b3afb4859cad8f513ce06e90e782e4b65f10f440a66e9dda55b8,sha256:6cb75b6cd84ba6923bf7f7116edbc07df132f3a884208a8734efd62aaec91325,sha256:a331691781b48832dc8fdb5512771852b8cadcf01fbe871db976564529a9490e,0,0,tank=6|target=5|cooldown=0,109,101,0,434
109,LEFT,109,sha256:62b88edef8814febfbbdd79896c4b02048ce77dfae34a93c378c642d3e7330dd,sha256:0f9494b8b192b3afb4859cad8f513ce06e90e782e4b65f10f440a66e9dda55b8,sha256:0f9494b8b192b3afb4859cad8f513ce06e90e782e4b65f10f440a66e9dda55b8,sha256:6cb75b6cd84ba6923bf7f7116edbc07df132f3a884208a8734efd62aaec91325,sha256:a331691781b48832dc8fdb5512771852b8cadcf01fbe871db976564529a9490e,0,0,tank=6|target=5|cooldown=1,109,101,0,434
109,FIRE,109,sha256:62b88edef8814febfbbdd79896c4b02048ce77dfae34a93c378c642d3e7330dd,sha256:0f9494b8b192b3afb4859cad8f513ce06e90e782e4b65f10f440a66e9dda55b8,sha256:0f9494b8b192b3afb4859cad8f513ce06e90e782e4b65f10f440a66e9dda55b8,sha256:0a5a93aaf0b094d3d61249ed75c2132dd118c6c85064fe7fa65714ed65fb6e55,sha256:3fcf5f9bd6a51bf69d1c7287d906b9274fb1ae40e7e671e85234ae5bb3a1fc7f,0,0,tank=6|target=6|cooldown=0,109,101,0,436
109,STAY,109,sha256:62b88edef8814febfbbdd79896c4b02048ce77dfae34a93c378c642d3e7330dd,sha256:0f9494b8b192b3afb4859cad8f513ce06e90e782e4b65f10f440a66e9dda55b8,sha256:0f9494b8b192b3afb4859cad8f513ce06e90e782e4b65f10f440a66e9dda55b8,sha256:0a5a93aaf0b094d3d61249ed75c2132dd118c6c85064fe7fa65714ed65fb6e55,sha256:3fcf5f9bd6a51bf69d1c7287d906b9274fb1ae40e7e671e85234ae5bb3a1fc7f,0,0,tank=6|target=6|cooldown=1,109,101,0,436
109,STAY,109,sha256:62b88edef8814febfbbdd79896c4b02048ce77dfae34a93c378c642d3e7330dd,sha256:0f9494b8b192b3afb4859cad8f513ce06e90e782e4b65f10f440a66e9dda55b8,sha256:0f9494b8b192b3afb4859cad8f513ce06e90e782e4b65f10f440a66e9dda55b8,sha256:f0f9d45d9b230353c21a9e96d0c18fcce85fcfab7f120ea3efcda4c5de568473,sha256:526b47516f6d683b057b6ddc0671bf1ea1984d0d2a7c9e5bb7db09a5e3e98cca,0,0,tank=6|target=none|cooldown=0,109,104,0,440
109,STAY,109,sha256:62b88edef8814febfbbdd79896c4b02048ce77dfae34a93c378c642d3e7330dd,sha256:0f9494b8b192b3afb4859cad8f513ce06e90e782e4b65f10f440a66e9dda55b8,sha256:0f9494b8b192b3afb4859cad8f513ce06e90e782e4b65f10f440a66e9dda55b8,sha256:f0f9d45d9b230353c21a9e96d0c18fcce85fcfab7f120ea3efcda4c5de568473,sha256:526b47516f6d683b057b6ddc0671bf1ea1984d0d2a7c9e5bb7db09a5e3e98cca,0,0,tank=6|target=none|cooldown=1,109,104,0,440
